id	wordToDisambiguate	pos_wolf	sentence1	sentence1_lemma	sense1_pictoID_correct_arasaac	sense_wolf_correct	synset_lemma_correct	sense1_AZ	sense2_ZA	sense3	sense4	sentence2	sentence2_lemma	sentence3	sentence3_lemma	sentence4	sentence4_lemma	sentence5	sentence5_lemma	sentence6	sentence6_lemma
id1	alcool	NOUN	avez-vous bu de l'alcool ?	avoir,boire,alcool	[26626]	fre-30-07884567-n	['boisson_alcoolisée', 'boisson', 'breuvage', 'drogue', 'apéritif', 'cordial', 'eau-de-vie', 'esprit', 'gnole', 'gnôle', 'kava', 'kava-kava', 'kawa', 'kumiz', 'liqueur', 'perry', 'poiré', 'pulque', 'ratafia', 'saké', 'spiritueux', 'vin', 'alcoolique', 'alcoolisé', 'intoxiquer']	désinfectant/alcool|2984|fre-30-14708720-n	boisson/alcool_2|26626|fre-30-07884567-n			votre consommation d'alcool a-t-elle augmenté ?	consommation,alcool,avoir,augmenter	combien de verres d'alcool buvez-vous par jour ?	combien,verre,alcool,boire,jour						
id2	crème	NOUN	avez-vous appliqué une crème sur la lésion ?	avoir,appliquer,crème,lésion	[3376, 32204, 35637, 35829]	fre-30-03128519-n	['pommade', 'émollient', 'article_de_toilette', 'aralia', 'aralies', 'cérat_de_galien', 'cérat_de_Galien', 'Cérat_de_Galien', 'crème_solaire', 'nard']	pommade|3376|fre-30-03128519-n	crème_liquide|13376|fre-30-07847198-n			je vais vous prescrire une crème	aller,prescrire,crème								
id3	perdre	VERB	avez-vous perdu de la sensibilité ?	avoir,perdre,sensibilité	[6175, 24759, 24760, 24779, 24780, 31894]	fre-30-02287618-v_fre-30-02287789-v	['paumer', 'laisser', 'oublier'] ['paumer']	perdre_3|19533|fre-30-01099592-v	égarer_2|24759|fre-30-02287789-v			avez-vous perdu l'appétit ?	avoir,perdre,appétit	êtes-vous perdu ?	être,perdre	avez-vous perdu la vue ?	avoir,perdre,vue				
id4	opérer	VERB	il ne faut pas vous opérer	ne,falloir,pas,opérer	[5530]	fre-30-00083809-v	['guérir', 'soigner', 'traiter', 'stériliser', 'chirurgical', 'chirurgie', 'opération']	commerce|6652|fre-30-02244956-v	chirurgie/opérer|5530|fre-30-00083809-v												
id5	café	NOUN	buvez-vous beaucoup de café ?	boire,beaucoup,café	[2296, 24479, 32512, 25564]	fre-30-07929519-n_fre-30-07929351-n	['boisson', 'breuvage', 'café_à_la_turque', 'café_express', 'café_irlandais', 'café_turc', 'Café_turc', 'expresso', 'Irish_coffee', 'moka'] [‘caféier', ‘graine', ‘semence']	bar_5|28889|fre-30-02935658-n	boisson/café_5|24479|fre-30-07929519-n_fre-30-07929351-n												
id6	eau	NOUN	quand vous sentez la sonde dans votre gorge, avalez un peu d'eau	sentir,sonde,gorge,avaler,peu,eau	[2248, 6889, 32464]	fre-30-07935504-n_fre-30-14845743-n	"['eau_minérale', 'liquide', 'bibine', ""dureté_de_l'eau"", 'eau_bénite', 'eau_de_distribution', 'eau_de_mer', 'eau_distillée', 'eau_douce', 'Eau_douce', 'eau_du_robinet', 'eau_salée', 'saumure', 'titre_hydrotimétrique', 'abreuver', 'arroser', 'mouiller'] []"	eau|2248|fre-30-07935504-n_fre-30-14845743-n	poche_d'urostomie|37378|fre-30-14855724-n	eau_2|6889|fre-30-07935504-n_fre-30-14845743-n		la douleur au ventre augmente-t-elle quand vous buvez de l'eau ?	douleur,ventre,augmenter,boire,eau	les démangeaisons sont-elles déclenchées par l'eau ?	démangeaison,être,déclencher,eau	avez-vous bu de l'eau non potable	avoir,boire,eau,non,potable				
id7	interprète	NOUN	nous allons appeler un interprète	aller,appeler,interprète	[24619, 33976]	fre-30-10212501-n	[‘traducteur', ‘intermédiaire', ‘médiateur', ‘modérateur, ‘truchement', ‘drogman', ‘symbolique', ‘interpréter', ‘présenter', ‘rendre', ‘traduire']	orateur/acteur/congressiste|9859|fre-30-10638385-n	traducteur/interprète|24619|fre-30-10212501-n			je pourrai faire appel à un interprète si je le juge nécessaire	pouvoir,faire,appel,interprète,juger,nécessaire	à tout moment vous pouvez demander d'arrêter la consultation et demander le recours à un interprète	moment,pouvoir,demander,arrêter,consultation,demander,recours,interprète						
id8	répondre	VERB	veuillez répondre par oui ou par non, en hochant la tête ou avec des gestes	veuillez,répondre,non,hocher,tête,geste	[9030, 9031, 28433]	fre-30-00815686-v_fre-30-00636279-v	[]	accomplir|12315|fre-30-01640855-v	répondre|9030|fre-30-00815686-v_fre-30-00636279-v												
id9	doigt	NOUN	suivez mon doigt avec les yeux sans bouger la tête, s'il vous plaît	suivre,doigt,œil,bouger,tête	[3298, 9826]	fre-30-05566504-n	['doigt', 'extrémité', 'annulaire', 'auriculaire', 'doigt_du_milieu', 'index', 'majeur', 'medius', 'médius', 'petit_doigt', 'pouce', 'ringvinger', 'wijsvinger', 'sentir', 'tâter', 'toucher']	doigt|3298|fre-30-05566504-n	doigts_de_pied|26035|fre-30-05577410-n												
id10	voir	VERB	voyez-vous double ?	voir,double	[2474, 6564, 11617, 11619, 28673]	fre-30-02129289-v	[‘percevoir', ‘comprendre', ‘percevoir', ‘comprendre', ‘regarder', ‘voir', ‘vue']	examiner/abaisse-langue|27719|fre-30-02131279-v	voir_2|6564|fre-30-02129289-v			avez-vous déjà vu votre médecin traitant pour ce cas ?	avoir,déjà,voir,médecin,traitant,cas	avez-vous vu du sang dans vos selles ?	avoir,voir,sang,selles	l'infirmière va venir vous voir	infirmier,aller,venir,voir				
id11	cœur	NOUN	nous allons écouter votre cœur	aller,écouter,cœur	[2715]	fre-30-05388805-n	['c\x9cur', 'pompe', 'viscère']	anatomie/coeur/cœur|2715|fre-30-05388805-n	amour/cœur|4613|fre-30-13865904-n			votre coeur bat-il de manière anormale ?	cœur,battre,manière,anormal			votre cœur bat-il de manière anormale ?	cœur,battre,manière,anormal	avez-vous une maladie au coeur ?	avoir,maladie,cœur		
id12	vert	ADJECTIVE	suivez la ligne verte	suivre,ligne,vert	[4886, 4887]	fre-30-00375969-a	['verdâtre', 'vert']	acide|4552|fre-30-02369335-a	couleur/vert|4886|fre-30-00375969-a			est-ce que vos expectorations sont vertes ?	expectoration,être,vert	est-ce que vos secrétions nasales sont vertes ?	sécrétion,nasal,vert						
id13	faire	VERB	je vais vous montrer comment faire l'injection d'insuline	aller,montrer,comment,faire,injection,insuline	[11749]	fre-30-01619014-v_fre-30-01621555-v_fre-30-02560585-v	['aller', 'créer', 'faire']	marcher_3|6044|fre-30-01882170-v	se_promener_3|8651|fre-30-01882170-v	réaliser/faire_2|11749|fre-30-01619014-v_fre-30-01621555-v_fre-30-02560585-v		devez-vous faire une dialyse ?	devoir,faire,dialyse	nous allons faire une prise de sang	aller,faire,prise,sang	avez-vous déjà fait une crise cardiaque ?	avoir,déjà,faire,crise,cardiaque	ça ne fera pas mal	ne,faire,pas,mal	avez-vous fait un faux mouvement ?	avoir,faire,faux,mouvement
id14	examiner	VERB	êtes-vous d'accord que je vous examine ?	être,d'accord,examiner	[20095, 20097, 27719, 28751, 28801, 31904]	fre-30-02131279-v	['voir', 'vérifier', 'ausculter', 'autopsier', 'chercher', 'déterrer', 'étudier', 'examiner', 'fouiller', 'infirmer', 'inspecter', 'paraître', 'rechercher', 'repêcher', 'scruter', 'sembler', 'contrôle', 'examen', 'examinateur', 'inspecteur']	examiner/abaisse-langue|27719|fre-30-02131279-v	voir_2|6564|fre-30-02130300-v												
id15	appliquer	VERB	avez-vous appliqué une crème sur la lésion ?	avoir,appliquer,crème,lésion	[5096, 29034, 35729, 36525, 36760, 37409, 37410]	fre-30-01363648-v	[‘mettre', ‘couvrir', ‘plaquer', ‘application', ‘candidature', ‘mise']	appliquer_de_la_crème|5096|fre-30-01363648-v	contracter|21557|fre-30-02409412-v												
id16	chambre	NOUN	nous allons vous installer dans une chambre	aller,installer,chambre	[5988, 15732, 32422, 33068]	fre-30-02821627-n	['Chambre_à_Coucher', 'chambre_à_coucher', 'dortoir', 'piaule', 'pièce', 'salle', 'slaapkamer', 'local', 'boudoir', 'hotel_room']	chambre|5988|fre-30-02821627-n	paix|8182|fre-30-13969700-n	chambre_d'hopital|35325|fre-30-03541091-n	chambre_d'hôpital_2|32234|fre-30-03541091-n										
id17	penser	VERB	avez-vous pensé à arrêter de boire ?	avoir,penser,arrêter,boire	[8661, 8662, 31847, 34403]	fre-30-00628491-v_fre-30-00608808-v_fre-30-00708538-v_fre-30-01637166-v	['croire', 'réfléchir', 'voir', 'contempler', 'envisager', 'imaginer', 'prévoir', 'idée', 'pensée']	penser|8661|fre-30-00628491-v_fre-30-00608808-v_fre-30-00708538-v_fre-30-01637166-v	rappeler|11357|fre-30-00607780-v			je ne pense pas que l'os soit cassé	ne,penser,pas,os,être,casser								
id18	boire	VERB	avez-vous pensé à arrêter de boire ?	avoir,penser,arrêter,boire	[24896, 24929, 24930, 26053]	fre-30-01171183-v	['consommer', 'prendre', 'marcher', 'porter', 'retenir', 'tenir', 'alcoolique', 'boire', 'boisson', 'buveur', 'eau-de-vie', 'esprit', 'ivresse', 'presse-agrumes', 'soûlographie', 'spiritueux']	boire_2|6061|fre-30-01170052-v	boire_2|6061|fre-30-01170052-v	boire_alcool/boire_3|24896|fre-30-01171183-v		avez-vous bu de l'alcool ?	avoir,boire,alcool								
id19	mesurer	VERB	nous allons vous mesurer	aller,mesurer	[33100]	fre-30-00647094-v	['tailler', 'décider', 'se_décider', 'calibrer', 'étalonner', 'tirer', 'trianguler', 'mesure', 'mesureur', 'métreuse', 'nombre', 'quantité', 'somme', 'volume']	prendre_la_température|29830|fre-30-00647094-v	prendre_la_température|29830|fre-30-00647094-v	tailler/mesurer_2|33100|fre-30-00647094-v		à combien était votre température la dernière fois que vous l'avez mesurée ?	combien,être,température,dernier,fois,avoir,mesurer								
id20	prévoir	VERB	nous allons prévoir une consultation chez le dentiste	aller,prévoir,consultation,dentiste	[8661, 8662, 31847, 34403]	fre-30-00708538-v	[‘avoir_l'intention', ‘concevoir', ‘croire', ‘entendre', ‘envisager', ‘prévoir', ‘réfléchir', ‘signifier', ‘trouver', ‘voir', ‘être_d'avis', ‘chercher', ‘envisager', ‘planifier', ‘proposer', ‘viser', ‘but', ‘conception', ‘dessein', ‘effet', ‘fin', ‘intention', ‘objectif', ‘projet', ‘propos', ‘vue']	demander_en_mariage|34286|fre-30-00879764-v	penser|8661|fre-30-00708538-v												
id21	corps	NOUN	avez-vous observé des grains de beauté sur le corps ?	avoir,observer,grain,beauté,corps	[6473, 17018, 17022]	fre-30-05216365-n_fre-30-05217168-n	['anatomie', 'corps', 'corps_humain', 'Corps_humain', 'forme', 'physique', 'charnel', 'corporel'] ['Corps humain', 'anatomie', 'corps humain', 'forme', 'physique', 'corps', 'personne', 'anatomique', 'anatomiste']	corps_2|6473|fre-30-05216365-n	triperie|31402|fre-30-07651774-n												
id22	protéger	VERB	vous protégez-vous la peau du soleil ?	protéger,peau,soleil	[6192, 6599]	fre-30-01128193-v	['assurer', 'préserver', 'sauvegarder', 'défendre', 'protéger', 'affilier', 'conserver', 'continuer', 'couvrir', 'empêcher', 'encourir', 'entourer', 'garder', 'immuniser', 'maintenir', 'rester', 'retenir', 'surveiller', 'tenir', 'conservatoire', 'défenseur', 'gardien', 'protecteur', 'protection', 'tuteur']	association_de_la_trisomie_21|30235|fre-30-00895304-v	scruter|8718|fre-30-02455407-v	protéger|6192|fre-30-01128193-v	protéger_2|6599|fre-30-01128193-v	avez-vous eu des rapports non protégés ?	avoir,rapport,non,protéger								
id23	utiliser	VERB	utilisez-vous de la crème solaire ?	utiliser,crème,solaire	[15485]	fre-30-01158872-v	['servir', 'aborder', 'abuser', 'adresser', 'appliquer', 'attaquer', 'attribuer', 'bénéficier', 'consacrer', 'dédier', 'détourner', 'employer', 'établir', 'exercer', 'exploiter', 'fonctionner', 'implémenter', 'jouer', 'mettre', 'partager', 'prendre', 'présenter', 'recourir', 'recycler', 'répondre', 'représenter', 'résoudre', 'réutiliser', 'surutiliser', 'traiter', 'travailler', 'applicable', 'applicatif', 'application', 'coutume', 'disponible', 'emploi', 'exercice', 'fonctionnel', 'opérationnel', 'travail', 'usage', 'usager', 'utilisable', 'utilisateur', 'utilisation', 'utilité']	consommation_de_drogues|8095|fre-30-01165043-v	exploiter/utiliser|15485|fre-30-01158872-v												
id24	laver	VERB	il faut vous laver tout le corps avec la lotion pendant deux jours	falloir,laver,tout,corps,lotion,jour	[4939, 6546, 8976, 8977, 21824, 21826, 28621, 31991, 34611, 34775, 34777]	fre-30-00036362-v	['laver', 'nettoyer', 'rincer', 'shampouiner', 'lavage']	faire_la_lessive|5496|fre-30-01535246-v	savonner_le_visage|4939|fre-30-00036362-v												
id25	sentir	VERB	les lésions sentent-elles mauvais ?	lésion,sentir,mauvais	[2486, 6574, 25274, 25275, 30132, 30650]	fre-30-02124748-v	['flairer', 'comprendre', 'percevoir', 'renifler', 'sentir', 'arôme', 'odeur', 'odorat', 'olfaction', 'parfum']	5sens/percevoir_2|30194|fre-30-02106006-v	s\'orienter_3|37719|fre-30-01209678-v	sentir_5|25275|fre-30-02124748-v	sentir_6|30132|fre-30-02124748-v	sentez-vous quelque chose quand je touche ici ?	sentir,chose,toucher,ici	vous sentez-vous bien en ce moment ?	sentir,bien,moment						
id26	foie	NOUN	avez-vous une inflammation du foie ?	avoir,inflammation,foie	[2980]	fre-30-05385534-n	['viscère']	anatomie/foie|2980|fre-30-05385534-n	cuisine/foie_2|26569|fre-30-07652052-n												
id27	gratter	VERB	avez-vous les yeux qui grattent ?	avoir,œil,gratter	[11356]	fre-30-02119874-v	['démanger', 'frotter', 'abrasion', 'de', 'gale', 'gale_sarcoptique', 'mal', 'mal_de_Sainte-Marie', 'sainte-marie']	creuser_4|21838|fre-30-01309143-v	démanger|11356|fre-30-02119874-v			avez-vous les oreilles qui grattent ?	avoir,oreille,gratter								
id28	pilule	NOUN	prenez-vous la pilule ?	prendre,pilule	[15000, 32041]	fre-30-03936895-n	['contraceptif', 'contraception']	cachets|2855|fre-30-03936568-n	pilule|15000|fre-30-03936895-n			prenez-vous régulièrement la pilule	prendre,régulièrement,pilule	quelle pilule prenez-vous ?	pilule,prendre						
id29	venir	VERB	êtes-vous déjà venu aux urgences pour ce cas ?	être,déjà,venir,urgences,cas	[11708, 13356]	fre-30-01849221-v	['approcher', 'aller', 'circuler', 'déplacer', 'marcher', 'voyager', 'aborder', 'adresser', 'émaner', 'interpeller', 'rapprocher', 'accès', 'approche']	aimer_9|21917|fre-30-01776952-v	arriver|11708|fre-30-01849221-v			de quel pays venez-vous ?	pays,venir	en quelle année êtes-vous arrivé en Suisse ?	année,être,arriver,suisse						
id30	beaucoup	ADVERB	mangez-vous beaucoup de viande rouge ?	manger,beaucoup,viande,rouge	[7168, 22629]	fre-30-00059171-r	['souvent']	quantité/beaucoup_2|7168|fre-30-00059171-r	souvent|37029|fre-30-00035058-r			merci beaucoup	merci,beaucoup								
id31	souvent	ADVERB	avez-vous souvent des aphtes ?	avoir,souvent,aphte	[37029]	fre-30-00035058-r	['beaucoup', 'fréquemment']	quantité/beaucoup_2|7168|fre-30-00059171-r	souvent|37029|fre-30-00035058-r			urinez-vous souvent en petite quantité ?	uriner,souvent,petit,quantité								
id32	savoir	VERB	savez-vous où vous vous trouvez ?	savoir,trouver	[9034]	fre-30-00594621-v	[]	connaître|6993|fre-30-00594337-v	savoir/lever_le_doigt|9034|fre-30-00594621-v												
id33	document	NOUN	pourriez-vous me montrer un document avec votre adresse ?	pouvoir,montrer,document,adresse	[16169, 21802, 34717]	fre-30-06477371-n_fre-30-06470073-n	[]	crayon_et_papier|10312|fre-30-06255613-n	documents|16169|fre-30-06477371-n_fre-30-06470073-n												
id34	entendre	VERB	de quelle oreille entendez-vous le moins bien ?	oreille,entendre,moins,bien	[2381, 6572, 10364, 11609, 28659, 29718, 29719, 29720]	fre-30-02169702-v_fre-30-02171039-v	['comprendre', 'percevoir', 'atteindre', 'recevoir', 'audible', 'audition', 'ouïe', 'protecteur'] []	comprendre_2|16659|fre-30-00593852-v	écouter_2|6572|fre-30-02169702-v_fre-30-02171039-v												
id35	traduire	VERB	l'ordinateur va traduire mes questions	ordinateur,aller,traduire,question	[37085]	fre-30-00959827-v	['interpréter', 'présenter', 'rendre', 'redire', 'reformuler', 'réitérer', 'répéter', 'retraduire', 'interprète', 'traducteur', 'traduction', 'version']	comprendre_2|16659|fre-30-00593852-v	traduire|37085|fre-30-00959827-v												
id36	famille	NOUN	y a-t-il des maladies particulières dans votre famille ?	avoir,maladie,particulier,famille	[2392, 11728, 11729, 11731, 11733, 11735, 24515, 24517, 24519, 24521, 24523, 24525, 30245, 31466, 31467, 36920, 37346, 37352, 37354]	fre-30-07970406-n	['clan', 'tribu', 'allumette', 'couple', 'époux', 'homme', 'mariage', 'paire', 'familial']	famille|2392|fre-30-07970406-n	mobilier|32594|fre-30-07997703-n	ménage		y a-t-il des maladies du système digestif dans votre famille ?	avoir,maladie,système,digestif,famille								
id37	soulager	VERB	les vomissements sont-elles soulagées par des médicaments ?	vomissement,être,soulager,médicament	[32222, 32224]	fre-30-00064095-v	['apaiser', 'consoler', 'dissiper', 'soulager', 'tranquilliser', 'consolation', 'lanceur_de_relève', 'réconfort', 'sympathisant']	soulager/apaiser/analgésie|32220|fre-30-00064095-v	consoler/présenter_ses_condoléances|25986|fre-30-01814815-v												
id38	vomir	VERB	vomissez-vous du sang ?	vomir,sang	[2777, 7303, 28739]	fre-30-00076400-v	['dégobiller', 'gerber', 'rejeter', 'rendre', 'régobeller', 'donner', 'éliminer', 'excréter', 'passer', 'supprimer', 'emesis', 'émétique', 'malade', 'rendre_gorge', 'vomi', 'vomissement', 'vomitif']	cracher_3|16693|fre-30-00101956-v	vomir_2|7303|fre-30-00076400-v			combien de fois avez-vous vomi aujourd'hui ?	combien,fois,avoir,vomir,aujourd'hui	vomissez-vous ?	vomir						
id39	mois	NOUN	combien de kilos avez-vous perdu ces six derniers mois ?	combien,kilo,avoir,perdre,dernier,mois	[7161, 37724]	fre-30-15207872-n_fre-30-15206296-n	[]	lune|2933|fre-30-09358358-n	phases_lunaires|10292|fre-30-15207872-n												
id40	campagne	NOUN	habitez-vous à la campagne ?	habiter,campagne	[2683, 10304]	fre-30-08645033-n	['contrée', 'paysage', 'campagne', 'pays']	paysage/contrée/campagne|2683|fre-30-08645033-n	électoral/campagne_2|27467|fre-30-00798245-n												
id41	consommer	VERB	consommez-vous régulièrement de la drogue ?	consommer,régulièrement,drogue	[2349, 28641, 30116, 30117, 30118, 30119, 30120]	fre-30-01156834-v	['prendre', 'alimenter', 'appliquer', 'avaler', 'boire', 'déjeuner', 'employer', 'essayer', 'fumer', 'goûter', 'manger', 'priser', 'remplir', 'saturer', 'tenter', 'toucher', 'utiliser', 'consommateur', 'consommation', 'ingestion', 'usager']	prendre/manger|2349|fre-30-01156834-v	épuiser_2|32778|fre-30-01157517-v												
id42	visage	NOUN	suez-vous au niveau du visage ?	suer,niveau,visage	[2684, 31915, 37138]	fre-30-05600637-n	[]	figure|2684|fre-30-05600637-n	joue|2919|fre-30-05602835-n												
id43	légume	NOUN	mangez-vous des légumes ?	manger,légume	[6244, 7130, 28343, 29131]	fre-30-07707451-n_fre-30-12212361-n	[]	légumes|6244|fre-30-07707451-n_fre-30-12212361-n	légumes_secs|24805|fre-30-11748002-n_fre-30-07708798-n												
id44	alimentation	NOUN	avez-vous des troubles de l'alimentation ?	avoir,trouble,alimentation	[4610, 32602]	fre-30-07555863-n	[]	aliment|4610|fre-30-07555863-n	régime|11239|fre-30-07561112-n												
id45	tomber	VERB	êtes-vous tombé ?	être,tomber	[4582, 6067, 29674]	fre-30-01972298-v_fre-30-01984317-v_fre-30-01984119-v	[]	descendre|2654|fre-30-01970826-v	lâcher|2675|fre-30-01972298-v	chuter|6067|fre-30-01972298-v_fre-30-01984317-v_fre-30-01984119-v											
id46	marcher	VERB	avez-vous des difficultés à marcher ?	avoir,difficulté,marcher	[3251, 6044, 8649, 8651, 31839, 32214, 32693, 32694, 32908, 32944, 32945, 32946, 37345, 2432, 7079, 8142, 31758, 35093]	fre-30-01904930-v_fre-30-01882170-v_fre-30-01835496-v	[] [‘faire', ‘promener', ‘aller', ‘circuler', ‘déplacer', ‘marcher', ‘voyager', ‘marche'] ['aller', 'circuler', 'déplacer', 'voyager', 'accompagner', 'alléger', 'approcher', 'arriver', 'aspirer', 'asseoir', 'atténuer', 'avancer', 'baisser', 'changer', 'chercher', 'chevaucher', 'conduire', 'continuer', 'couler', 'courir', 'décéder', 'dépasser', 'dérailler', 'dériver', 'descendre', 'devenir', 'divaguer', 'échanger', 'errer', 'essayer', 'faire', 'flotter', 'gicler', 'glisser', 'jouer', 'labourer', 'marcher', 'méandrer', 'mesurer', 'nager', 'naviguer', 'passer', 'porter', 'poursuivre', 'pousser', 'précéder', 'précipiter', 'prendre', 'présenter', 'progresser', 'promener', 'propager', 'rabattre', 'ramper', 'rendre', 'rentrer', 'répandre', 'retirer', 'retourner', 'revenir', 'rouler', 'sauter', 'se_dépêcher', 'se_hâter', 'se_passer', 'se_retirer', 'se_tromper', 'siffler', 'skier', 'solliciter', 'souffler', 'suivre', 'tendre', 'tirer', 'tomber', 'tourner', 'transformer', 'traverser', 'trouver', 'vagabonder', 'vaguer', 'venir', 'voler', 'déplacement', 'locomotion', 'mouvement', 'voyage', 'voyageur']	marcher_3|6044|fre-30-01904930-v_fre-30-01882170-v	se_promener_3|8651|fre-30-01882170-v												
id47	aujourd'hui	ADVERB	combien de fois avez-vous vomi aujourd'hui ?	combien,fois,avoir,vomir,aujourd'hui	[13026, 32747]	fre-30-00048475-r	"['actuellement', ""aujourd'hui"", 'de_nos_jours', 'désormais', 'maintenant']"	actuellement/aujourd\'hui|7131|fre-30-00207366-r	maintenant|13026|fre-30-00048475-r			je vais m'occuper de vous aujourd'hui	aller,occuper,aujourd'hui	depuis aujourd'hui ?	aujourd'hui						
id48	vouloir	VERB	voulez-vous vous coucher ici ?	vouloir,coucher,ici	[5441, 31141, 36518]	fre-30-01825237-v_fre-30-00709205-v	['désirer', 'souhaiter', 'aimer', 'aspirer', 'avoir_envie_de', 'chercher', 'démanger', 'envier', 'espérer', 'manquer', 'mourir', 'mourir_de_faim', 'rêver_de', 'trouver', 'vouloir', 'désir', 'souhait', 'volonté']	aimer_9|21917|fre-30-01824736-v	avoir_envie|5441|fre-30-00709205-v_fre-30-01825237-v			voulez-vous bien vous mettre debout ?	vouloir,bien,mettre,debout	voulez-vous bien retirer votre pull ?	vouloir,bien,retirer,pull						
id49	autre	ADJECTIVE	avez-vous d'autres problèmes de santé ?	avoir,autre,problème,santé	[17054]	fre-30-02069355-a_fre-30-02070188-a	[]	autre|17054|fre-30-02069355-a_fre-30-02070188-a	neuf_2|4705|fre-30-01640850-a			avez-vous d'autres plaintes ?	avoir,autre,plainte	prenez-vous un autre médicament ?	prendre,autre,médicament	la douleur au ventre irradie-t-elle vers un autre endroit ?	douleur,ventre,irradier,autre,endroit	consommez-vous d'autres drogues ?	consommer,autre,drogue		
id50	endroit	NOUN	avez-vous reçu un coup à l'endroit de la douleur ?	avoir,recevoir,coup,endroit,douleur	[9819]	fre-30-05611822-n	[‘place', ‘connaissance', ‘savoir', ‘science', ‘classe', ‘couche', ‘gisement', ‘niveau', ‘strate', ‘stratum', ‘faire', ‘mettre', ‘placer', ‘poser']	Antequera_2|31031|fre-30-08664443-n	endroit|9819|fre-30-05611822-n			la douleur au ventre irradie-t-elle vers un autre endroit ?	douleur,ventre,irradier,autre,endroit								
id51	asseoir	VERB	êtes-vous souvent assis ?	être,souvent,asseoir	[11371, 11372]	fre-30-02692882-v	['être']	asseoir|2801|fre-30-01984902-v_fre-30-01543123-v	poser|25347|fre-30-02142775-v			avez-vous mal quand vous vous asseyez ?	avoir,mal,asseoir	asseyez-vous	asseoir						
id52	pâte	NOUN	mangez-vous beaucoup de riz ou de pâtes ?	manger,beaucoup,riz,pâte	[8652]	fre-30-07698915-n	[]	chichis|3262|fre-30-07623136-n	pâtes|8652|fre-30-07698915-n												
id53	poitrine	NOUN	avez-vous très mal dans la poitrine ?	avoir,très,mal,poitrine	[2853, 7275, 8372]	fre-30-05554405-n	['lolo', 'mamelle', 'nibard', 'robert', 'sein', 'glande_mammaire', 'Glande_mammaire', 'glandes_mammaires', 'bien_en_chair', 'voluptueux']	blanc_de_poulet|8655|fre-30-07648408-n	nichons/poitrine_2|7275|fre-30-05554405-n	poitrine_homme|2853|fre-30-05553288-n		avez-vous eu une opération de la poitrine ?	avoir,opération,poitrine	avez-vous l'impression d'avoir un poids sur la poitrine ?	avoir,impression,poids,poitrine	avez-vous reçu un coup au niveau de la poitrine ?	avoir,recevoir,coup,niveau,poitrine	il y a combien de jours que vous avez eu ce traumatisme à la poitrine	avoir,combien,jour,traumatisme,poitrine	pouvez-vous ramener les genoux vers la poitrine ?	pouvoir,ramener,genou,poitrine
id54	drôle	ADJECTIVE	avez-vous un drôle de goût dans la bouche ?	avoir,drôle,goût,bouche	[11355]	fre-30-00968010-a	['singulier', 'étrange', 'bizarrerie', 'curiosité', 'étrangeté', 'noire', 'singularité']	amusant|8593|fre-30-01265308-a	bizarre|11355|fre-30-00968010-a												
id55	opération	NOUN	avez-vous eu une opération du ventre ?	avoir,opération,ventre	[27925, 28019, 31989]	fre-30-00671351-n_fre-30-03850245-n	"['chirurgie', 'ablation', 'adustion', 'amputation', 'angioplastie', 'arthroscopie', 'castration', 'chirurgie_plastique', 'extirpation', 'fiscalité', 'gastrectomie', 'greffe', 'hystérotomie', 'implantation', 'microchirurgie', 'myotomie', 'neurochirurgie', 'paracentèse', 'Point-to-Point_Tunneling_Protocol', 'PPP', 'stérilisation', 'taxation', 'trachéotomie', 'transplantation', ""transplantation_d'organes"", 'trépanation', 'tympanoplastie', 'vasovasostomie', 'vivisection', 'chirurgical', 'opérer'] []"	chirurgie/salle_d'opération|28019|fre-30-03850245-n	salle_de_consultation/salle_d\'examen_2|35337|fre-30-04363991-n	opération|27925|fre-30-00671351-n		avez-vous eu une opération de l'appendicite ?	avoir,opération,appendicite								
id56	mètre	NOUN	de combien de mètres êtes-vous tombé ?	combien,mètre,être,tomber	[29074]	fre-30-13659162-n	['m', 'métrique']	glucomètre|24173|fre-30-03753077-n	mètre|2913|fre-30-04392113-n	mètre_3|29074|fre-30-13659162-n											
id57	âge	NOUN	quel âge ont vos enfants ?	âge,avoir,enfant	[7072]	fre-30-15145171-n	[]	longtemps/long_3|37678|fre-30-15242955-n	âge|7072|fre-30-15145171-n			quel âge avez-vous ?	âge,avoir	à quel âge avez-vous commencé à fumer ?	âge,avoir,commencer,fumer						
id58	enfant	NOUN	quel âge ont vos enfants ?	âge,avoir,enfant	[7178]	fre-30-09918554-n	"['bébé', 'môme', 'petit', 'être_humain', 'homme', 'humain', 'individu', 'personne', ""quelqu'un"", 'quelqu'un', 'enfance']"	bébé|2275|fre-30-09827683-n	enfants_2|7178|fre-30-09918554-n_fre-30-09917593-n												
id59	amener	VERB	pouvez-vous me montrer ce qui vous amène ?	pouvoir,montrer,amener	[8994]	fre-30-01999798-v	[]	acheminer|8994|fre-30-01999798-v	emporter|6139|fre-30-02077656-v												
id60	masque	NOUN	vous devez porter un masque	devoir,porter,masque	[9169, 35613, 36791, 36793, 37040, 37267]	fre-30-03725035-n	['protection', 'respirateur']	masque|5904|fre-30-03724870-n	masques|24165|fre-30-03724870-n_fre-30-08253450-n	masque_3|9169|fre-30-03725035-n											
id61	contraception	NOUN	prenez-vous un moyen de contraception ?	prendre,moyen,contraception	[31779, 31788, 31811, 32035, 32037, 32041, 32043]	fre-30-00852181-n	['contraception', 'planification_de_la_famille', 'planification_familiale', 'planning_familial', 'Planning_familial']	centre_de_planification_ou_d'éducation_familiale|29849|fre-30-00851994-n	préservatif|31682|fre-30-03096593-n												
id62	membre	NOUN	avez-vous des fourmillements dans les membres ?	avoir,fourmillement,membre	[29086]	fre-30-05559908-n	['extrémité', 'chélicère', 'croc', 'doigt', 'griffe', 'membre', 'nageoire', 'pince']	extrémités|29086|fre-30-05559908-n	états_membres|11469|fre-30-08170686-n			si des membres de votre entourage vivant sous le même toit présentent les mêmes symptômes, ils doivent consulter	membre,entourage,vivre,même,toit,présenter,symptôme,devoir,consulter								
id63	repos	NOUN	avez-vous des vertiges au repos ?	avoir,vertige,repos	[24503]	fre-30-15274074-n	['relief', 'répit', 'temps_de_repos', 'trêve', 'intermission', 'interruption', 'pause', 'repos', 'haleine', 'respiration', 'souffle', 'reposer', 'respirer', 'rester']	coin_calme|32826|fre-30-04903813-n	repos|24503|fre-30-15274074-n												
id64	petit	ADJECTIVE	urinez-vous souvent en petite quantité ?	uriner,souvent,petit,quantité	[4716]	fre-30-01391351-a_fre-30-02386612-a	[]	adolescent|4673|fre-30-01646941-a	inférieur|4571|fre-30-02386612-a_fre-30-01391351-a	petit_2|4716|fre-30-01391351-a											
id65	travail	NOUN	votre travail se passe-t-il bien ?	travail,passer,bien	[11601, 16087, 16089, 19559]	fre-30-00584367-n_fre-30-00582388-n	['emploi', 'job', 'fonction', 'métier', 'occupation', 'place', 'profession', 'tâche', 'travail', 'accordailles', 'armée', 'coaching', 'exercice', 'fiançailles', 'mentorat', 'navigation', 'réservation', 'service', 'télétravail', 'travail_à_distance', 'fonctionner', 'travailler'] ['emploi', 'fonction', 'job', 'métier', 'occupation', 'place', 'profession', 'tâche', 'activité', 'carrière', 'catch', 'catering', 'commerce', 'comptabilité', 'désignation', 'éleveur', 'emploi', 'fonction', 'gibier', 'jeu', 'job', 'match', 'métier', 'nomination', 'partie', 'pays', 'photographie', 'place', 'position', 'profession', 'ravitaillement', 'restauration_collective', 'situation', 'sport', 'terre', 'travail', 'vocation', 'absorber', 'accaparer', 'captiver', 'obnubiler', 'occuper']	dans_quoi_tu_travailles?|11601|fre-30-00584367-n_fre-30-00582388-n	usage|17036|fre-30-00947128-n												
id66	rincer	VERB	vous rincez-vous la bouche après avoir utilisé le médicament ?	rincer,bouche,avoir,utiliser,médicament	[8559, 8560, 27784, 30032, 30038, 30039]	fre-30-00037138-v	['laver', 'gargarisme']	rincer|8559|fre-30-00037138-v	savonner_le_visage|4939|fre-30-01536168-v												
id67	côte	NOUN	vous êtes-vous déjà cassé une côte ?	être,déjà,casser,côte	[5433]	fre-30-05279026-n	[]	bord_de_mer|2826|fre-30-09428293-n	côtes|5433|fre-30-05279026-n												
id68	question	NOUN	l'ordinateur va traduire mes questions	ordinateur,aller,traduire,question	[7217, 9843, 10366, 10369]	fre-30-07193596-n_fre-30-07196682-n	['auditionner', 'avoir', 'contester', 'demander', 'douter', 'entretenir', 'examiner', 'interroger', 'questionner', 'réclamer'] [‘interrogatoire', ‘phrase', ‘question_totale', ‘auditionner', ‘contester', ‘douter', ‘examiner', ‘interroger', ‘questionner', ‘réclamer']	combien|7073|fre-30-07196682-n	âge|7072|fre-30-07196682-n	question|7217|fre-30-07196682-n_fre-30-07193596-n											
id69	avant	ADVERB	votre dos s'est déjà bloqué avant ?	dos,être,déjà,bloquer,avant	[13028, 32745]	fre-30-00060939-r	['antérieurement', 'auparavant', 'devant', 'précédemment', 'tôt']	au-dessus|5451|fre-30-00080169-r	devant|5438|fre-30-00066781-r	avant_2|32745|fre-30-00060939-r											
id70	partie	NOUN	avez-vous des difficultés à bouger une partie de votre corps ?	avoir,difficulté,bouger,partie,corps	[5436]	fre-30-05867413-n	[]	1/4|5436|fre-30-05867413-n	match|6170|fre-30-00456199-n												
id71	maison	NOUN	avez-vous des animaux à la maison ?	avoir,animal,maison	[2317, 5957, 6964]	fre-30-03544360-n	['bâtiment', 'demeure', 'domicile', 'édifice', 'foyer', 'habitation', 'immeuble', 'logement', 'maison', 'auberge', 'cabane', 'chalet', 'chaumière', 'duplex', 'hutte', 'loge', 'mai', 'maison_de_campagne', 'maison_en_bande', 'maison_mitoyenne', 'maisonnette', 'manoir', 'pavillon_de_chasse', 'pensionnat', 'résidence', 'séjour', 'siège_social', 'villa', 'assigner', 'députer']	EHPAD|5910|fre-30-03528100-n	maison|2317|fre-30-03544360-n												
id72	cheville	NOUN	avez-vous eu un bleu sur la cheville ?	avoir,bleu,cheville	[3405]	fre-30-05578442-n	[]	cheville|3405|fre-30-05578442-n	talon|3399|fre-30-05578095-n												
id73	seringue	NOUN	utilisez-vous des seringues usagées ?	utiliser,seringue,usagé	[31732]	fre-30-04376876-n	[]	aiguille|2639|fre-30-03816136-n	seringue|2960|fre-30-04376876-n	seringue_2|31732|fre-30-04376876-n											
id74	soleil	NOUN	vous protégez-vous la peau du soleil ?	protéger,peau,soleil	[2798, 7252, 10725]	fre-30-11485367-n_fre-30-09450163-n	['ensoleillement', 'lumière_du_soleil', 'lumière', 'lumière_visible', 'bronzer', 'hâler']	dimanche|6478|fre-30-15163797-n	soleil_2|7252|fre-30-11485367-n_fre-30-09450163-n												
id75	poids	NOUN	quel est votre poids ?	être,poids	[33128]	fre-30-05026843-n	[]	Combien_pèse-t-elle?|33128|fre-30-05026843-n	poids_2|35493|fre-30-13608788-n_fre-30-13715755-n												
id76	température	NOUN	quelle était votre température maximale ?	être,température,maximal	[8230, 34898]	fre-30-05011790-n	"['antithermique', 'chaleur', 'ébullition', 'feu', 'froid', 'froideur', 'hiver', 'mercure', 'mercuriale', ""point_d'ébullition"", 'point_de_congélation', 'point_de_Curie', 'point_de_fusion', 'point_de_rosée', 'rhume', 'sort', 'température_de_Curie', 'température_de_fusion', 'Température_de_fusion', 'température_de_rosée', 'zéro_absolu']"	fièvre_3|32530|fre-30-14365356-n	fièvre_3|32530|fre-30-14365356-n	température|8230|fre-30-05011790-n											
id77	organe	NOUN	avez-vous reçu une greffe d'organes ?	avoir,recevoir,greffe,organe	[24214]	fre-30-05297523-n	['aile', 'appareil_reproducteur', 'cristallin', 'glande', 'langue', 'lentille', 'organe_des_sens', 'organe_sexuel', 'organe_vital', 'organite', 'Organite', 'ovipositeur', 'Ovipositeur', 'pied', 'presse-étoupe', 'primordium', 'récepteur', 'récepteur_sensoriel', 'sexe', 'viscère', 'organique']	musique_d'orgue|26242|fre-30-03854065-n	anatomie/organe|24214|fre-30-05297523-n												
id78	seconde	NOUN	vos douleurs durent-elles quelques secondes ?	douleur,durer,seconde	[22633, 29104, 29105, 29106, 29107]	fre-30-15246853-n	['instant', 'minute', 'moment', 'peu', 'point', 'second', 'second|seconde', 'temps', 'pulsation', 'seconde', 'éphémère', 'fugace', 'fugitif', 'momentané']	dernier_étage|27483|fre-30-13846546-n	instant|22633|fre-30-15246853-n												
id79	place	NOUN	la douleur change-t-elle de place ?	douleur,changer,place	[9819]	fre-30-00721431-n_fre-30-08621598-n_fre-30-05611822-n	['position', 'endroit', 'lieu', 'point', 'aile', 'anomalie', 'arrière', 'base', 'droit', 'emploi', 'en berne', 'être debout', 'fond', 'gare', 'gauche', 'pas', 'place', 'pole position', 'poste', 'site', 'situation', 'station', 'mettre', 'placer', 'poser']	équerre|7088|fre-30-04291242-n	Place_del_Torico|5543|fre-30-08619620-n	place_2|9819|fre-30-00721431-n_fre-30-08621598-n_fre-30-05611822-n											
id80	cuisse	NOUN	avez-vous parfois mal à l'arrière de la cuisse ?	avoir,parfois,mal,arrière,cuisse	[22185]	fre-30-05562249-n	['cuisses', 'membre']	cuisse|22185|fre-30-05562249-n	cuisse_de_poulet|2534|fre-30-07648267-n												
id81	terminer	VERB	avez-vous terminé les antibiotiques ?	avoir,terminer,antibiotique	[28429]	fre-30-02609764-v	['achever', 'arrêter', 'finir', 'aboutir', 'aller', 'casser', 'clore', 'clôturer', 'conclure', 'culminer', 'déboucher', 'décéder', 'devenir', 'dire', 'disparaître', 'disperser', 'donner', 'faire', 'fermer', 'mourir', 'partir', 'passer', 'sortir', 'superviser', 'terminer', 'trouver', 'bout', 'cessatif', 'conclusion', 'conséquence', 'dernier', 'désinentiel', 'destruction', 'extrémité', 'fermeture', 'fin', 'issue', 'lever', 'mort', 'résiliation', 'terme', 'terminaison', 'terminus']	compléter_2|15816|fre-30-00484166-v	finir_3|32814|fre-30-00352826-v	finir_2|28429|fre-30-02609764-v											
id82	donner	VERB	nous allons vous donner de l'oxygène avec un masque	aller,donner,oxygène,masque	[17038, 17040, 28431]	fre-30-02199590-v_fre-30-02230772-v	[‘passer', ‘remettre', ‘passer', ‘transférer', ‘abandonner', ‘charger', ‘confier', ‘distribuer', ‘donner', ‘fournir', ‘glisser', ‘laisser', ‘livrer', ‘partir', ‘présenter', ‘rendre', ‘renoncer', ‘main', ‘patte']	Cédez_le_Passage|6968|fre-30-00435103-v	se_poser|25353|fre-30-01978576-v	donner|17038|fre-30-02199590-v_fre-30-02230772-v		nous allons vous donner un rendez-vous pour enlever le plâtre dans une semaine	aller,donner,rendez-vous,enlever,plâtre,semaine								
id83	accouchement	NOUN	votre accouchement s'est-il bien passé ?	accouchement,bien,passer	[31706, 31707, 31769, 31959, 32019, 32021, 32022]	fre-30-14048441-n	[]	accouchement|31706|fre-30-14048441-n	marché_du_travail|11457												
id84	lentille	NOUN	il faut enlever les lentilles	falloir,enlever,lentille	[28511]	fre-30-03094159-n	['lentille_de_contact', 'verre_de_contact', 'verres_de_contact', 'glace', 'lentille']	cristallin|9101|fre-30-05320362-n	lentilles_de_contact|28511|fre-30-03094159-n												
id85	rester	VERB	vous devez rester couché pour le moment	devoir,rester,coucher,moment	[27206]	fre-30-02637592-v	['demeurer', 'être', 'débris', 'équilibre', 'reliquat', 'résidu', 'résiduaire', 'reste', 'solde', 'vestige']	agresser|8209|fre-30-02277448-v	rester|27206|fre-30-02637592-v												
id86	soulever	VERB	avez-vous soulevé quelque chose de lourd ?	avoir,soulever,chose,lourd	[35101, 36073, 37521, 37522]	fre-30-01974062-v	[]	lever|6548|fre-30-01974062-v	sélectionner_4|37714|fre-30-00514069-v												
id87	date	NOUN	à quelle date ont commencé les symptômes ?	date,avoir,commencer,symptôme	[27411]	fre-30-15159583-n	['jour', 'anniversaire', 'échéance', 'fête', 'maturité', 'dater']	dattes|11227|fre-30-07765073-n	écrire_4|27411|fre-30-15159583-n	date|34799|fre-30-15160579-n											
id88	fatiguer	VERB	la douleur à la tête augmente-t-elle quand vous êtes fatigué ?	douleur,tête,augmenter,être,fatiguer	[6959]	fre-30-00075021-v	['user', 'faire_la_vaisselle', 'abattement', 'carne', 'fatigue', 'lassitude']	épuiser|6959|fre-30-00075021-v	être_fatigué|6873|fre-30-01821884-v												
id89	scanner	NOUN	nous allons faire un scanner	aller,faire,scanner	[30705, 30797]	fre-30-00901476-n	"['CT-scan', ""Monts_d'Or"", 'capon', 'cat', 'chat', 'chatte', 'ct-scan', 'félin', 'mégère', 'rosse', 'tomodensitométrie', 'tomographie_axiale_calculée_par_ordinateur']"			scanner_2|30705|fre-30-00901476-n	imprimante										
id90	vie	NOUN	avez-vous déjà eu une fracture dans votre vie ?	avoir,déjà,fracture,vie	[8717]	fre-30-15140744-n	[]	biographie|22749|fre-30-06515827-n	vie|8717|fre-30-15140744-n												
id91	situer	VERB	la douleur est-elle difficile à situer ?	douleur,être,difficile,situer	[30136]	fre-30-01759326-v	['déterminer', 'exalter', 'inspirer', 'irriter', 'provoquer', 'susciter', 'tirer', 'élever', 'évoquer', 'créer', 'faire', 'abreuver', 'activer', 'agiter', 'attirer', 'blesser', 'déconfire', 'décontenancer', 'dépasser', 'dessiner', 'enflammer', 'exciter', 'fâcher', 'intéresser', 'inviter', 'offenser', 'stimuler', 'vaincre', 'évocateur', 'évocation', 'incitation', 'induction', 'provocation']	situer/apparaitre|5990|fre-30-02286204-v	test_de_la_réponse_réflexe_du_genou|30136|fre-30-01759326-v												
id92	sœur	NOUN	votre mère ou votre sœur a-t-elle eu un cancer du sein ?	mère,sœur,avoir,cancer,sein	[2422]	fre-30-10602985-n	[]	religieuse|11305|fre-30-10368009-n	soeur|2422|fre-30-10602985-n												
id93	actuellement	ADVERB	avez-vous actuellement un traitement pour le sida ?	avoir,actuellement,traitement,sida	[13026, 32747]	fre-30-00048475-r	"[""aujourd'hui"", 'de_nos_jours', 'désormais', 'maintenant']"	aujourd\'hui|7131|fre-30-00207366-r	maintenant|13026|fre-30-00048475-r												
id94	heure	NOUN	depuis combien d'heures avez-vous mal ?	combien,heure,avoir,mal	[29175]	fre-30-15129927-n	['indication', 'heure', 'heure_de_grande_écoute', 'première_partie_de_soirée', 'prime_time']	60_minutes|7129|fre-30-15227846-n	il_est_quelle_heure_?|29175|fre-30-15129927-n												
id95	présenter	VERB	si des membres de votre entourage vivant sous le même toit présentent les mêmes symptômes, ils doivent consulter	membre,entourage,vivre,même,toit,présenter,symptôme,devoir,consulter	[11308, 16823, 31902]	fre-30-02148788-v	[‘montrer', ‘exposer', ‘montrer', ‘démo', ‘démonstration', ‘douche', ‘exposé', ‘manifestant', ‘manifestation', ‘présentation']	indiquer_2|11308|fre-30-02148788-v	traduire|37085|fre-30-00959827-v												
id96	canne	NOUN	je vais vous prescrire une paire de cannes anglaises	aller,prescrire,paire,canne,anglais	[5922]	fre-30-04546194-n	['canne']	bâton_de_marche/canne|5922|fre-30-04546194-n	roseau|35467|fre-30-12136720-n												
id97	mouvement	NOUN	la douleur au ventre augmente-t-elle avec certains mouvements ?	douleur,ventre,augmenter,mouvement	[32592]	fre-30-06876309-n	['geste', 'gesticulation', 'symbolique', 'beck', 'beck_hansen', 'bek_david_campbell', 'flux', 'hausser_les_épaules', 'onde', 'proue', 'signe', 'signe_de_croix', 'signe_de_la_croix']	campagne_2|27467|fre-30-00798245-n	mouvement|25656|fre-30-00331950-n	geste|32592|fre-30-06876309-n		la douleur diminue-t-elle avec le mouvement ?	douleur,diminuer,mouvement	montrez-moi les mouvements qui aggravent la douleur	montrer,mouvement,aggraver,douleur	montrez-moi un mouvement qui déclenche la douleur	montrer,mouvement,déclencher,douleur	avez-vous fait un faux mouvement ?	avoir,faire,faux,mouvement		
id98	faible	ADJECTIVE	vos jambes sont-elles faibles ?	jambe,être,faible	[4620, 10199, 25044]	fre-30-02324397-a_fre-30-02325097-a	['faible', 'faiblesse']	faible|4620|fre-30-02324397-a_fre-30-02325097-a	inférieur|4571|fre-30-01391351-a												
id99	flotter	VERB	vos selles flottent-elles ?	selles,flotter	[21876, 32904]	fre-30-01904293-v	[]	flotter|21876|fre-30-01904293-v	s\'envoler|21874|fre-30-01902783-v												
id100	tourner	VERB	avez-vous l'impression que tout tourne autour de vous ?	avoir,impression,tout,tourner,autour	[6006]	fre-30-02089984-v	[]	allumer_4|8103|fre-30-01510399-v	tourner|6006|fre-30-02089984-v												
